boundary_key,boundary_names_seen,school_id,matched_rcdts,matched_isbe_name,match_method,n_rc_years_covered,isbe_missing_rc_years,boundary_vintages_seen,addresses_seen
609773,AGASSIZ|TUBMAN,609773,150162990252052,AGASSIZ ELEM SCHOOL,exact,20,,SY0809|SY0910|SY1011|SY1112|SY1213|SY1314|SY1415|SY1516|SY1617|SY1718|SY1819|SY1920|SY2021|SY2122|SY2223|SY2324|SY2425|SY2526,"2851 N SEMINARY AV|2851 N SEMINARY AVE  CHICAGO, IL 60657"
609774,ALCOTT|ALCOTT ES,609774,150162990252053,ALCOTT ELEM SCHOOL,exact,20,,SY0809|SY0910|SY1011|SY1112|SY1213|SY1314|SY1415|SY1516|SY1617|SY1718|SY1819|SY1920|SY2021|SY2122|SY2223|SY2324|SY2425|SY2526,"2625 N ORCHARD ST|2625 N ORCHARD ST  CHICAGO, IL 60614"
609782,AUDUBON,609782,150162990252062,AUDUBON ELEM SCHOOL,exact,20,,SY0809|SY0910|SY1011|SY1112|SY1213|SY1314|SY1415|SY1516|SY1617|SY1718|SY1819|SY1920|SY2021|SY2122|SY2223|SY2324|SY2425|SY2526,"3500 N HOYNE AV|3500 N HOYNE AVE  CHICAGO, IL 60618"
609799,BELL,609799,150162990252082,BELL ELEM SCHOOL,exact,20,,SY0809|SY0910|SY1011|SY1112|SY1213|SY1314|SY1415|SY1516|SY1617|SY1718|SY1819|SY1920|SY2021|SY2122|SY2223|SY2324|SY2425|SY2526,"3730 N OAKLEY AV|3730 N OAKLEY AVE  CHICAGO, IL 60618"
609803,BLAINE,609803,150162990252087,BLAINE ELEM SCHOOL,exact,20,,SY0809|SY0910|SY1011|SY1112|SY1213|SY1314|SY1415|SY1516|SY1617|SY1718|SY1819|SY1920|SY2021|SY2122|SY2223|SY2324|SY2425|SY2526,"1420 W GRACE ST|1420 W GRACE ST  CHICAGO, IL 60613"
609812,"BROWN|BROWN, W|NEW BROWN",609812,150162990252097,"BROWN, W ELEM SCHOOL",exact,20,,SY0809|SY0910|SY1011|SY1112|SY1213|SY1314|SY1415|SY1516|SY1617|SY1718,"54 N HERMITAGE AV|54 N HERMITAGE AVE  CHICAGO, IL 60612"
609820,BURLEY,609820,150162990252104,BURLEY ELEM SCHOOL,exact,20,,SY0809|SY0910|SY1011|SY1112|SY1213|SY1314|SY1415|SY1516|SY1617|SY1718|SY1819|SY1920|SY2021|SY2122|SY2223|SY2324|SY2425|SY2526,"1630 W BARRY AV|1630 W BARRY AVE  CHICAGO, IL 60657"
609828,BURR,609828,150162990252108,BURR ELEM SCHOOL,exact,20,,SY0809|SY0910|SY1011|SY1112|SY1213|SY1314|SY1415|SY1516|SY1617|SY1718|SY1819|SY1920|SY2021|SY2122|SY2223|SY2324|SY2425|SY2526,"1621 W WABANSIA AV|1621 W WABANSIA AVE  CHICAGO, IL 60622"
609838,CARPENTER,609838,150162990252121,CARPENTER ELEM SCHOOL,exact,6,2012|2013|2014|2015|2016|2017|2018|2019|2020|2021|2022|2023|2024|2025,SY0809|SY0910|SY1011,1250 W ERIE ST
609850,GREELEY,609850,150162990252227,GREELEY ELEM SCHOOL,exact,20,,SY0809|SY0910|SY1011|SY1112|SY1213|SY1314|SY1415|SY1516|SY1617|SY1718|SY1819|SY1920|SY2021|SY2122|SY2223|SY2324|SY2425|SY2526,"832 W SHERIDAN RD|832 W SHERIDAN RD  CHICAGO, IL 60613"
609866,COONLEY,609866,150162990252141,COONLEY ELEM SCHOOL,exact,20,,SY0809|SY0910|SY1011|SY1112|SY1213|SY1314|SY1415|SY1516|SY1617|SY1718|SY1819|SY1920|SY2021|SY2122|SY2223|SY2324|SY2425|SY2526,"4046 N LEAVITT ST|4046 N LEAVITT ST  CHICAGO, IL 60618"
609963,HAMILTON,609963,150162990252240,HAMILTON ELEM SCHOOL,exact,20,,SY0809|SY0910|SY1011|SY1112|SY1213|SY1314|SY1415|SY1516|SY1617|SY1718|SY1819|SY1920|SY2021|SY2122|SY2223|SY2324|SY2425|SY2526,"1650 W CORNELIA AV|1650 W CORNELIA AVE  CHICAGO, IL 60657"
609990,SOUTH LOOP,609990,150162990252855,SOUTH LOOP ELEM SCHOOL,exact,20,,SY0809|SY0910|SY1011|SY1112|SY1213|SY1314|SY1415|SY1516|SY1617|SY1718|SY1819|SY1920|SY2021|SY2122|SY2223|SY2324|SY2425|SY2526,"1212 S PLAYMOUTH CT|1212 S PLYMOUTH CT|1212 S PLYMOUTH CT  CHICAGO, IL 60605|1601 S DEARBORN ST, CHICAGO, IL 60616"
610010,JAHN,610010,150162990252284,JAHN ELEM SCHOOL,exact,20,,SY0809|SY0910|SY1011|SY1112|SY1213|SY1314|SY1415|SY1516|SY1617|SY1718|SY1819|SY1920|SY2021|SY2122|SY2223|SY2324|SY2425|SY2526,"3149 N WALCOTT AV|3149 N WOLCOTT AV|3149 N WOLCOTT AVE  CHICAGO, IL 60657"
610012,JENNER,610012,150162990252287,JENNER ELEM ACADEMY OF THE ARTS,prefix,13,2019|2020|2021|2022|2023|2024|2025,SY0809|SY0910|SY1011|SY1112|SY1213|SY1314|SY1415|SY1516|SY1617|SY1718,"1009 N CLEVELAND AV|1119 N CLEVELAND AV|1119 N CLEVELAND AVE  CHICAGO, IL 60610"
610038,LINCOLN,610038,150162990252314,LINCOLN ELEM SCHOOL,exact,20,,SY0809|SY0910|SY1011|SY1112|SY1213|SY1314|SY1415|SY1516|SY1617|SY1718|SY1819|SY1920|SY2021|SY2122|SY2223|SY2324|SY2425|SY2526,"615 W KEMPER PL|615 W KEMPER PL  CHICAGO, IL 60614"
610048,MANIERRE,610048,150162990252326,MANIERRE ELEM SCHOOL,exact,20,,SY0809|SY0910|SY1011|SY1112|SY1213|SY1314|SY1415|SY1516|SY1617|SY1718|SY1819|SY1920|SY2021|SY2122|SY2223|SY2324|SY2425|SY2526,"1420 N HUDSON AV|1420 N HUDSON AVE, CHICAGO IL, 60610"
610059,MAYER,610059,150162990252337,MAYER ELEM SCHOOL,exact,20,,SY0809|SY0910|SY1011|SY1112|SY1213|SY1314|SY1415|SY1516|SY1617|SY1718|SY1819|SY1920|SY2021|SY2122|SY2223|SY2324|SY2425|SY2526,"2250 N CLIFTON AV|2250 N CLIFTON AVE  CHICAGO, IL 60614"
610070,MCPHERSON,610070,150162990252349,MCPHERSON ELEM SCHOOL,exact,20,,SY0809|SY0910|SY1011|SY1112|SY1213|SY1314|SY1415|SY1516|SY1617|SY1718|SY1819|SY1920|SY2021|SY2122|SY2223|SY2324|SY2425|SY2526,"4728 N WOLCOTT AV|4728 N WOLCOTT AVE  CHICAGO, IL 60640|4728 N. WOLCOTT AV"
610094,NETTELHORST,610094,150162990252370,NETTELHORST ELEM SCHOOL,exact,20,,SY0809|SY0910|SY1011|SY1112|SY1213|SY1314|SY1415|SY1516|SY1617|SY1718|SY1819|SY1920|SY2021|SY2122|SY2223|SY2324|SY2425|SY2526,"3252 N BROADWAY AV|3252 N BROADWAY ST  CHICAGO, IL 60657"
610101,OGDEN|OGDEN ES,610101,150162990252380,OGDEN ELEM SCHOOL,exact,20,,SY0809|SY0910|SY1011|SY1112|SY1213|SY1314|SY1415|SY1516|SY1617|SY1718|SY1819|SY1920|SY2021|SY2122|SY2223|SY2324|SY2425|SY2526,"24 W WALSTED ST|24 W WALTON ST|24 W WALTON ST  CHICAGO, IL 60610|24 W. WALTON AV"
610107,OTIS,610107,150162990252386,OTIS ELEM SCHOOL,exact,20,,SY0809|SY0910|SY1011|SY1112|SY1213|SY1314|SY1415|SY1516|SY1617|SY1718|SY1819|SY1920|SY2021|SY2122|SY2223|SY2324|SY2425|SY2526,"525 N ARMOUR ST|525 N ARMOUR ST  CHICAGO, IL 60642"
610136,PRESCOTT,610136,150162990252410,PRESCOTT ELEM SCHOOL,exact,20,,SY0809|SY0910|SY1011|SY1112|SY1213|SY1314|SY1415|SY1516|SY1617|SY1718|SY1819|SY1920|SY2021|SY2122|SY2223|SY2324|SY2425|SY2526,"1632 W WRIGHTWOOD AV|1632 W WRIGHTWOOD AVE  CHICAGO, IL 60614|1632 W WRIGTHWOOD AV"
610138,PULASKI|PULASKI COMM ACAD,610138,150162990252413,PULASKI ELEM FINE ARTS ACADEMY,prefix,20,,SY0809|SY0910|SY1011|SY1112|SY1213|SY1314|SY1415|SY1516|SY1617|SY1718|SY1819|SY1920|SY2021|SY2122|SY2223|SY2324|SY2425|SY2526,"2230 W MCLEAN AV|2230 W MCLEAN AVE  CHICAGO, IL 60647"
610141,RAVENSWOOD,610141,150162990252416,RAVENSWOOD ELEM SCHOOL,exact,20,,SY0809|SY0910|SY1011|SY1112|SY1213|SY1314|SY1415|SY1516|SY1617|SY1718|SY1819|SY1920|SY2021|SY2122|SY2223|SY2324|SY2425|SY2526,"4332 N PAULINA ST|4332 N PAULINA ST  CHICAGO, IL 60613"
610162,SCHILLER,610162,150162990252440,SCHILLER ELEM SCHOOL,exact,4,2010|2011|2012|2013|2014|2015|2016|2017|2018|2019|2020|2021|2022|2023|2024|2025,SY0809,640 W SCOTT ST
610177,SKINNER,610177,150162990252458,SKINNER ELEM SCHOOL,exact,20,,SY0910|SY1011|SY1112|SY1213|SY1314|SY1415|SY1516|SY1617|SY1718|SY1819|SY1920|SY2021|SY2122|SY2223|SY2324|SY2425|SY2526,"1260 W ADAMS ST|1260 W ADAMS ST  CHICAGO, IL 60607"
610187,STEWART,610187,150162990252466,STEWART ELEM SCHOOL,exact,8,2014|2015|2016|2017|2018|2019|2020|2021|2022|2023|2024|2025,SY0809|SY0910|SY1011|SY1112|SY1213,4525 N KENMORE AV
610189,STOCKTON,610189,150162990252470,STOCKTON ELEM SCHOOL,exact,8,2014|2015|2016|2017|2018|2019|2020|2021|2022|2023|2024|2025,SY0809|SY0910|SY1011|SY1112|SY1213,4420 N BEACON ST
610242,BRENNEMANN,610242,150162990252093,BRENNEMANN ELEM SCHOOL,exact,20,,SY0809|SY0910|SY1011|SY1112|SY1213|SY1314|SY1415|SY1516|SY1617|SY1718|SY1819|SY1920|SY2021|SY2122|SY2223|SY2324|SY2425|SY2526,"4251 N CLARENDON AV|4251 N CLARENDON AVE  CHICAGO, IL 60613"
610355,COURTENAY,610355,150162990252921,COURTENAY ELEM LANGUAGE ARTS CTR,prefix,20,,SY1314|SY1415|SY1516|SY1617|SY1718|SY1819|SY1920|SY2021|SY2122|SY2223|SY2324|SY2425|SY2526,"4420 N BEACON ST  CHICAGO, IL 60640"
AGASSIZ,AGASSIZ|TUBMAN,609773,150162990252052,AGASSIZ ELEM SCHOOL,exact,20,,SY0607|SY0708,"2851 N SEMINARY AV|2851 N SEMINARY AVE  CHICAGO, IL 60657"
ALCOTT,ALCOTT|ALCOTT ES,609774,150162990252053,ALCOTT ELEM SCHOOL,exact,20,,SY0607|SY0708,"2625 N ORCHARD ST|2625 N ORCHARD ST  CHICAGO, IL 60614"
BLAINE,BLAINE,609803,150162990252087,BLAINE ELEM SCHOOL,exact,20,,SY0607|SY0708,"1420 W GRACE ST|1420 W GRACE ST  CHICAGO, IL 60613"
BRENNEMANN,BRENNEMANN,610242,150162990252093,BRENNEMANN ELEM SCHOOL,exact,20,,SY0607|SY0708,"4251 N CLARENDON AV|4251 N CLARENDON AVE  CHICAGO, IL 60613"
BURLEY,BURLEY,609820,150162990252104,BURLEY ELEM SCHOOL,exact,20,,SY0607|SY0708,"1630 W BARRY AV|1630 W BARRY AVE  CHICAGO, IL 60657"
BURR,BURR,609828,150162990252108,BURR ELEM SCHOOL,exact,20,,SY0607|SY0708,"1621 W WABANSIA AV|1621 W WABANSIA AVE  CHICAGO, IL 60622"
CARPENTER,CARPENTER,609838,150162990252121,CARPENTER ELEM SCHOOL,exact,6,2012|2013|2014|2015|2016|2017|2018|2019|2020|2021|2022|2023|2024|2025,SY0607|SY0708,1250 W ERIE ST
COONLEY,COONLEY,609866,150162990252141,COONLEY ELEM SCHOOL,exact,20,,SY0607|SY0708,"4046 N LEAVITT ST|4046 N LEAVITT ST  CHICAGO, IL 60618"
GREELEY,GREELEY,609850,150162990252227,GREELEY ELEM SCHOOL,exact,20,,SY0607|SY0708,"832 W SHERIDAN RD|832 W SHERIDAN RD  CHICAGO, IL 60613"
HAMILTON,HAMILTON,609963,150162990252240,HAMILTON ELEM SCHOOL,exact,20,,SY0607|SY0708,"1650 W CORNELIA AV|1650 W CORNELIA AVE  CHICAGO, IL 60657"
JAHN,JAHN,610010,150162990252284,JAHN ELEM SCHOOL,exact,20,,SY0607|SY0708,"3149 N WALCOTT AV|3149 N WOLCOTT AV|3149 N WOLCOTT AVE  CHICAGO, IL 60657"
JENNER,JENNER,610012,150162990252287,JENNER ELEM ACADEMY OF THE ARTS,prefix,13,2019|2020|2021|2022|2023|2024|2025,SY0607|SY0708,"1009 N CLEVELAND AV|1119 N CLEVELAND AV|1119 N CLEVELAND AVE  CHICAGO, IL 60610"
LEMOYNE,LEMOYNE,,150162990252310,LEMOYNE ELEM SCHOOL,exact,2,2008|2009|2010|2011|2012|2013|2014|2015|2016|2017|2018|2019|2020|2021|2022|2023|2024|2025,SY0607,851 W WAVELAND AV
LINCOLN,LINCOLN,610038,150162990252314,LINCOLN ELEM SCHOOL,exact,20,,SY0607|SY0708,"615 W KEMPER PL|615 W KEMPER PL  CHICAGO, IL 60614"
MANIERRE,MANIERRE,610048,150162990252326,MANIERRE ELEM SCHOOL,exact,20,,SY0607|SY0708,"1420 N HUDSON AV|1420 N HUDSON AVE, CHICAGO IL, 60610"
MAYER,MAYER,610059,150162990252337,MAYER ELEM SCHOOL,exact,20,,SY0607|SY0708,"2250 N CLIFTON AV|2250 N CLIFTON AVE  CHICAGO, IL 60614"
NETTELHORST,NETTELHORST,610094,150162990252370,NETTELHORST ELEM SCHOOL,exact,20,,SY0607|SY0708,"3252 N BROADWAY AV|3252 N BROADWAY ST  CHICAGO, IL 60657"
OGDEN,OGDEN|OGDEN ES,610101,150162990252380,OGDEN ELEM SCHOOL,exact,20,,SY0607|SY0708,"24 W WALSTED ST|24 W WALTON ST|24 W WALTON ST  CHICAGO, IL 60610|24 W. WALTON AV"
PRESCOTT,PRESCOTT,610136,150162990252410,PRESCOTT ELEM SCHOOL,exact,20,,SY0607|SY0708,"1632 W WRIGHTWOOD AV|1632 W WRIGHTWOOD AVE  CHICAGO, IL 60614|1632 W WRIGTHWOOD AV"
PULASKI COMM ACAD,PULASKI|PULASKI COMM ACAD,610138,150162990252413,PULASKI ELEM FINE ARTS ACADEMY,prefix,20,,SY0607|SY0708,"2230 W MCLEAN AV|2230 W MCLEAN AVE  CHICAGO, IL 60647"
RAVENSWOOD,RAVENSWOOD,610141,150162990252416,RAVENSWOOD ELEM SCHOOL,exact,20,,SY0607|SY0708,"4332 N PAULINA ST|4332 N PAULINA ST  CHICAGO, IL 60613"
SCHILLER,SCHILLER,610162,150162990252440,SCHILLER ELEM SCHOOL,exact,4,2010|2011|2012|2013|2014|2015|2016|2017|2018|2019|2020|2021|2022|2023|2024|2025,SY0607|SY0708,640 W SCOTT ST
SOUTH LOOP,SOUTH LOOP,609990,150162990252855,SOUTH LOOP ELEM SCHOOL,exact,20,,SY0607|SY0708,"1212 S PLAYMOUTH CT|1212 S PLYMOUTH CT|1212 S PLYMOUTH CT  CHICAGO, IL 60605|1601 S DEARBORN ST, CHICAGO, IL 60616"
STEWART,STEWART,610187,150162990252466,STEWART ELEM SCHOOL,exact,8,2014|2015|2016|2017|2018|2019|2020|2021|2022|2023|2024|2025,SY0607|SY0708,4525 N KENMORE AV
